model,accuracy,precision,recall,f1_score
gemma3n,0.8526315789473684,0.9705882352941176,0.717391304347826,0.825
