model,accuracy,precision,recall,f1_score
llama3.1,0.7,0.6233766233766234,0.9795918367346939,0.7619047619047619
